City_ID,City,Country,Date,Lat,Lng,Max Temp,Humidity,Cloudiness,Wind Speed,Current Description
0,Bongor,TD,2022-05-29 17:05:13,10.2806,15.3722,98.85,16,61,3.85,broken clouds
1,Grindavik,IS,2022-05-29 17:05:13,63.8424,-22.4338,55.87,76,40,9.22,fog
2,Cherskiy,RU,2022-05-29 17:05:14,68.75,161.3,38.32,60,77,5.46,broken clouds
3,Rikitea,PF,2022-05-29 17:05:14,-23.1203,-134.9692,76.06,67,91,12.08,overcast clouds
4,Arraial Do Cabo,BR,2022-05-29 17:03:07,-22.9661,-42.0278,85.86,51,0,8.05,clear sky
5,East London,ZA,2022-05-29 17:05:14,-33.0153,27.9116,59.11,67,39,20.98,light rain
6,Buenos Aires,AR,2022-05-29 17:02:30,-34.6132,-58.3772,54.95,42,6,1.99,clear sky
7,Severo-Kurilsk,RU,2022-05-29 17:05:15,50.6789,156.125,40.53,96,72,9.82,broken clouds
8,Ozerne,UA,2022-05-29 17:05:15,50.1782,28.7338,57.65,67,97,6.49,overcast clouds
9,Punta Arenas,CL,2022-05-29 17:00:18,-53.15,-70.9167,44.11,65,8,22.35,clear sky
10,Butaritari,KI,2022-05-29 17:05:16,3.0707,172.7902,81.07,72,97,14.16,overcast clouds
11,Hithadhoo,MV,2022-05-29 17:05:16,-0.6,73.0833,83.77,72,92,10.07,overcast clouds
12,Ushuaia,AR,2022-05-29 17:05:16,-54.8,-68.3,38.86,81,100,24.16,light intensity drizzle
13,Saldanha,ZA,2022-05-29 17:05:17,-33.0117,17.9442,58.93,61,7,15.61,clear sky
14,Puerto Ayora,EC,2022-05-29 17:05:17,-0.7393,-90.3518,76.96,74,98,9.31,overcast clouds
15,Mar Del Plata,AR,2022-05-29 17:05:17,-38.0023,-57.5575,54.09,67,75,11.5,broken clouds
16,Torbay,CA,2022-05-29 17:03:20,47.6666,-52.7314,50.14,98,100,12.97,overcast clouds
17,Lompoc,US,2022-05-29 17:05:18,34.6391,-120.4579,74.57,68,0,16.11,clear sky
18,Victoria,HK,2022-05-29 17:04:04,22.2855,114.1577,84.33,86,75,10.0,broken clouds
19,Atuona,PF,2022-05-29 17:05:18,-9.8,-139.0333,78.19,74,25,19.37,scattered clouds
20,Kodiak,US,2022-05-29 17:05:18,57.79,-152.4072,53.11,76,0,3.44,clear sky
21,Geraldton,AU,2022-05-29 17:05:18,-28.7667,114.6,50.41,71,0,6.91,clear sky
22,Cape Town,ZA,2022-05-29 17:04:02,-33.9258,18.4232,59.34,63,8,1.99,clear sky
23,Jamestown,US,2022-05-29 17:05:14,42.097,-79.2353,73.53,60,75,7.0,broken clouds
24,Hobart,AU,2022-05-29 17:05:19,-42.8794,147.3294,44.46,90,93,3.44,overcast clouds
25,Salinas,US,2022-05-29 17:01:46,36.6777,-121.6555,65.57,61,0,6.91,clear sky
26,Hermanus,ZA,2022-05-29 17:05:19,-34.4187,19.2345,56.8,58,39,10.85,scattered clouds
27,Kapaa,US,2022-05-29 17:05:20,22.0752,-159.319,72.12,96,75,3.44,broken clouds
28,Zheleznodorozhnyy,RU,2022-05-29 17:05:20,55.7503,38.0042,59.52,59,55,5.86,broken clouds
29,Shimoda,JP,2022-05-29 17:05:20,34.6667,138.95,68.04,72,54,9.35,broken clouds
30,Mataura,NZ,2022-05-29 17:05:21,-46.1927,168.8643,40.48,87,100,3.42,overcast clouds
31,Dunedin,NZ,2022-05-29 17:01:00,-45.8742,170.5036,49.8,82,100,8.01,overcast clouds
32,Caravelas,BR,2022-05-29 17:05:21,-17.7125,-39.2481,79.39,69,56,7.0,broken clouds
33,Wajima,JP,2022-05-29 17:05:21,37.4,136.9,64.49,74,52,3.58,broken clouds
34,Vaini,TO,2022-05-29 17:05:22,-21.2,-175.2,77.16,94,75,5.75,broken clouds
35,Tallahassee,US,2022-05-29 17:04:11,30.4383,-84.2807,89.33,53,75,3.44,broken clouds
36,Porto Santo,PT,2022-05-29 17:05:22,33.072,-16.3415,71.98,68,20,14.97,few clouds
37,Carnarvon,AU,2022-05-29 17:05:22,-24.8667,113.6333,68.7,41,100,23.53,overcast clouds
38,Barrow,US,2022-05-29 17:01:39,71.2906,-156.7887,28.42,86,100,13.8,overcast clouds
39,Vila Velha,BR,2022-05-29 17:04:55,-20.3297,-40.2925,80.55,78,75,9.22,broken clouds
40,Albany,US,2022-05-29 17:05:23,42.6001,-73.9662,76.93,46,11,2.86,few clouds
41,Maracacume,BR,2022-05-29 17:05:23,-2.0428,-45.9592,82.4,80,83,5.68,broken clouds
42,San Felipe,VE,2022-05-29 17:05:23,10.3399,-68.7425,96.39,28,24,3.18,few clouds
43,Mahebourg,MU,2022-05-29 17:01:06,-20.4081,57.7,72.25,56,65,19.89,broken clouds
44,Atambua,ID,2022-05-29 17:05:24,-9.1061,124.8925,72.28,85,99,3.4,overcast clouds
45,Bambous Virieux,MU,2022-05-29 17:05:24,-20.3428,57.7575,71.22,56,45,20.13,scattered clouds
46,Yen Bai,VN,2022-05-29 17:01:23,21.7,104.8667,77.83,97,100,1.52,overcast clouds
47,Vila Franca Do Campo,PT,2022-05-29 17:05:24,37.7167,-25.4333,61.21,66,23,16.08,light rain
48,Port Alfred,ZA,2022-05-29 17:05:25,-33.5906,26.891,54.18,80,78,8.01,broken clouds
49,Castro,BR,2022-05-29 17:05:25,-24.7911,-50.0119,73.53,51,1,13.56,clear sky
50,Dom Pedrito,BR,2022-05-29 17:01:02,-30.9828,-54.6731,60.66,65,26,10.8,scattered clouds
51,Poya,NC,2022-05-29 17:05:25,-21.35,165.15,70.68,86,37,2.62,scattered clouds
52,Bougouni,ML,2022-05-29 17:05:26,11.417,-7.479,100.0,25,53,5.59,broken clouds
53,Sun City West,US,2022-05-29 17:02:45,33.662,-112.3413,85.37,31,0,12.66,clear sky
54,Lucapa,AO,2022-05-29 17:05:26,-8.4192,20.7447,75.34,38,2,1.34,clear sky
55,Hilo,US,2022-05-29 17:00:27,19.7297,-155.09,79.29,97,100,6.91,light rain
56,Bilibino,RU,2022-05-29 17:05:27,68.0546,166.4372,42.96,50,93,2.93,overcast clouds
57,Bluff,NZ,2022-05-29 17:05:27,-46.6,168.3333,40.8,78,100,8.55,overcast clouds
58,Eyl,SO,2022-05-29 17:05:27,7.9803,49.8164,80.58,77,55,28.01,broken clouds
59,Kyzyl-Mazhalyk,RU,2022-05-29 17:05:28,51.1333,90.6,63.37,67,100,2.37,overcast clouds
60,Norman Wells,CA,2022-05-29 17:05:28,65.282,-126.8329,53.58,49,97,1.86,overcast clouds
61,Kaitangata,NZ,2022-05-29 17:05:28,-46.2817,169.8464,46.17,87,100,8.79,overcast clouds
62,Tasiilaq,GL,2022-05-29 17:05:28,65.6145,-37.6368,39.36,99,100,7.25,overcast clouds
63,San Ramon,US,2022-05-29 17:05:29,37.7799,-121.978,67.6,58,0,13.8,clear sky
64,Lorengau,PG,2022-05-29 17:05:29,-2.0226,147.2712,79.79,82,29,2.48,scattered clouds
65,Honningsvag,NO,2022-05-29 17:03:10,70.9821,25.9704,42.55,93,40,12.66,scattered clouds
66,Bobrovskiy,RU,2022-05-29 17:05:29,56.6732,60.9807,60.96,44,0,11.18,clear sky
67,Busselton,AU,2022-05-29 17:05:30,-33.65,115.3333,54.9,74,100,4.59,overcast clouds
68,Constitucion,CL,2022-05-29 17:05:30,-35.3333,-72.4167,51.98,43,0,7.45,clear sky
69,Lagoa,PT,2022-05-29 17:05:30,39.05,-27.9833,56.91,66,24,23.55,light rain
70,Bell Ville,AR,2022-05-29 17:05:31,-32.6259,-62.6887,53.67,20,65,11.07,broken clouds
71,Pore,CO,2022-05-29 17:05:31,5.7272,-71.9947,85.87,54,70,7.9,broken clouds
72,Chernyshevskiy,RU,2022-05-29 17:05:31,63.0128,112.4714,43.66,46,100,2.75,overcast clouds
73,Buta,CD,2022-05-29 17:05:32,2.7858,24.73,79.14,61,65,0.2,broken clouds
74,Kavieng,PG,2022-05-29 17:05:32,-2.5744,150.7967,81.79,76,79,9.84,broken clouds
75,Nykoping,SE,2022-05-29 17:05:32,58.753,17.0079,58.86,54,0,10.36,clear sky
76,Pevek,RU,2022-05-29 17:05:33,69.7008,170.3133,27.72,84,97,2.26,overcast clouds
77,Sitka,US,2022-05-29 17:05:07,57.0531,-135.33,49.89,81,100,5.75,overcast clouds
78,Rivera,UY,2022-05-29 17:05:33,-30.9053,-55.5508,59.86,64,20,12.24,few clouds
79,Nova Olimpia,BR,2022-05-29 17:05:33,-14.7972,-57.2881,93.15,34,20,8.63,few clouds
80,Pacifica,US,2022-05-29 17:05:34,37.6138,-122.4869,67.68,67,20,10.36,few clouds
81,Guerrero Negro,MX,2022-05-29 17:05:34,27.9769,-114.0611,66.83,65,51,20.85,broken clouds
82,Walvis Bay,NA,2022-05-29 17:04:31,-22.9575,14.5053,59.09,64,0,16.13,clear sky
83,Korla,CN,2022-05-29 17:05:34,41.7597,86.1469,80.37,18,99,12.62,overcast clouds
84,Saint-Philippe,RE,2022-05-29 17:05:35,-21.3585,55.7679,71.19,63,90,14.97,overcast clouds
85,Mount Isa,AU,2022-05-29 17:05:35,-20.7333,139.5,56.97,62,66,2.3,broken clouds
86,Tuktoyaktuk,CA,2022-05-29 17:05:35,69.4541,-133.0374,33.28,97,100,6.49,overcast clouds
87,Bredasdorp,ZA,2022-05-29 17:05:35,-34.5322,20.0403,54.54,56,11,9.86,few clouds
88,Airai,TL,2022-05-29 17:05:36,-8.9266,125.4092,60.01,91,100,0.22,overcast clouds
89,Fortuna,US,2022-05-29 17:05:36,40.5982,-124.1573,57.92,77,100,11.5,overcast clouds
90,Harper,LR,2022-05-29 17:05:36,4.375,-7.7169,82.38,76,61,7.72,light rain
91,Codrington,AU,2022-05-29 17:05:37,-38.2667,141.9667,48.42,62,79,12.15,broken clouds
92,Saint-Pierre,RE,2022-05-29 17:05:37,-21.3393,55.4781,71.28,68,20,13.8,few clouds
93,Thompson,CA,2022-05-29 17:05:37,55.7435,-97.8558,48.42,78,100,11.36,overcast clouds
94,Hitoyoshi,JP,2022-05-29 17:05:37,32.2167,130.75,63.64,96,100,4.0,light rain
95,Kaduqli,SD,2022-05-29 17:05:38,11.0167,29.7167,97.27,14,26,3.02,scattered clouds
96,Ponta Do Sol,PT,2022-05-29 17:05:38,32.6667,-17.1,74.03,81,98,11.05,overcast clouds
97,Yellowknife,CA,2022-05-29 17:01:27,62.456,-114.3525,50.56,34,7,15.99,clear sky
98,Charters Towers,AU,2022-05-29 17:05:38,-20.1,146.2667,61.48,57,76,5.19,broken clouds
99,Gola Bazar,IN,2022-05-29 17:05:39,26.3431,83.3553,96.51,31,21,11.25,few clouds
100,Te Anau,NZ,2022-05-29 17:05:39,-45.4167,167.7167,44.92,88,100,0.98,overcast clouds
101,Ust-Tsilma,RU,2022-05-29 17:05:39,65.441,52.1498,55.9,78,89,3.53,overcast clouds
102,Filadelfia,US,2022-05-29 17:04:29,39.9523,-75.1638,81.21,49,75,8.05,broken clouds
103,Narsaq,GL,2022-05-29 17:03:11,60.9167,-46.05,55.62,71,54,6.76,broken clouds
104,Leningradskiy,RU,2022-05-29 17:05:40,69.3833,178.4167,31.05,91,77,1.72,broken clouds
105,Monopoli,IT,2022-05-29 17:05:40,40.9559,17.2896,78.24,66,51,6.49,broken clouds
106,Varhaug,NO,2022-05-29 17:05:40,58.6147,5.6457,51.69,75,100,17.4,overcast clouds
107,Kudahuvadhoo,MV,2022-05-29 17:05:41,2.6708,72.8944,83.64,72,73,11.9,broken clouds
108,Provideniya,RU,2022-05-29 17:05:41,64.3833,-173.3,40.26,76,5,4.0,clear sky
109,Scottsbluff,US,2022-05-29 17:05:41,41.8666,-103.6672,70.92,49,0,3.0,clear sky
110,Taoudenni,ML,2022-05-29 17:05:42,22.6783,-3.9836,109.49,10,7,17.49,clear sky
111,Bayeux,BR,2022-05-29 17:05:42,-7.125,-34.9322,79.43,89,75,12.66,broken clouds
112,Vyshestebliyevskaya,RU,2022-05-29 17:05:42,45.1961,37.0181,66.61,65,0,4.54,clear sky
113,Kaeo,NZ,2022-05-29 17:05:42,-35.1,173.7833,65.32,97,100,13.69,overcast clouds
114,Talnakh,RU,2022-05-29 17:05:43,69.4865,88.3972,36.21,72,7,2.39,clear sky
115,Clyde River,CA,2022-05-29 17:05:43,70.4692,-68.5914,28.63,69,0,16.11,clear sky
116,Aryanah,TN,2022-05-29 17:05:18,36.8601,10.1934,84.38,28,0,11.32,clear sky
117,Acari,PE,2022-05-29 17:05:43,-15.4311,-74.6158,75.6,48,25,8.28,scattered clouds
118,Lar,IN,2022-05-29 17:05:44,26.2039,83.9717,96.21,32,26,11.92,scattered clouds
119,Tuatapere,NZ,2022-05-29 17:05:44,-46.1333,167.6833,44.94,82,100,4.21,overcast clouds
120,Inhambane,MZ,2022-05-29 17:05:44,-23.865,35.3833,71.6,75,5,11.95,clear sky
121,Tagusao,PH,2022-05-29 17:05:45,9.1924,117.8141,80.19,77,97,3.78,light rain
122,Oussouye,SN,2022-05-29 17:05:45,12.485,-16.5469,87.12,54,39,16.58,scattered clouds
123,Saskylakh,RU,2022-05-29 17:05:45,71.9167,114.0833,12.54,99,87,4.21,overcast clouds
124,San Andres,CO,2022-05-29 17:05:46,12.5847,-81.7006,87.82,74,20,12.66,few clouds
125,San Cristobal,VE,2022-05-29 17:05:46,7.7669,-72.225,84.38,37,25,8.16,scattered clouds
126,Tautira,PF,2022-05-29 17:05:46,-17.7333,-149.15,79.32,68,28,9.13,scattered clouds
127,Adrar,MR,2022-05-29 17:05:46,20.5022,-10.0711,100.96,17,94,17.56,overcast clouds
128,Ponta Delgada,PT,2022-05-29 17:05:47,37.7333,-25.6667,61.52,59,20,19.57,few clouds
129,Vossevangen,NO,2022-05-29 17:05:47,60.623,6.4229,50.54,79,98,2.42,overcast clouds
130,Tiksi,RU,2022-05-29 17:05:47,71.6872,128.8694,28.62,87,100,7.83,overcast clouds
131,Fiche,ET,2022-05-29 17:05:48,9.8,38.7333,60.75,32,82,4.81,broken clouds
132,Flinders,AU,2022-05-29 17:05:48,-34.5833,150.8552,52.18,66,0,4.0,clear sky
133,Sao Filipe,CV,2022-05-29 17:05:48,14.8961,-24.4956,75.31,81,16,12.15,few clouds
134,Melbourne,US,2022-05-29 17:05:08,28.0836,-80.6081,92.07,69,0,11.5,clear sky
135,Larsnes,NO,2022-05-29 17:05:49,62.2028,5.5773,48.61,91,100,1.52,light rain
136,Rassvet,RU,2022-05-29 17:05:49,46.8333,40.75,73.08,68,26,5.91,scattered clouds
137,Bairiki,KI,2022-05-29 17:05:49,1.3292,172.9752,80.71,75,100,14.36,overcast clouds
138,Avarua,CK,2022-05-29 17:05:49,-21.2078,-159.775,77.05,78,20,6.91,few clouds
139,Capoterra,IT,2022-05-29 17:05:50,39.1763,8.9718,83.55,28,0,12.66,clear sky
140,Acheng,CN,2022-05-29 17:05:50,45.5454,126.977,54.88,90,100,14.79,overcast clouds
141,Pyapon,MM,2022-05-29 17:05:50,16.2833,95.6833,80.06,87,100,4.59,overcast clouds
142,Marzuq,YE,2022-05-29 17:05:51,14.4,46.4667,81.32,38,90,6.58,overcast clouds
143,Miajadas,ES,2022-05-29 17:05:51,39.1513,-5.9084,86.41,16,65,11.41,broken clouds
144,Srednekolymsk,RU,2022-05-29 17:05:51,67.45,153.6833,45.68,58,98,8.39,overcast clouds
145,Mayo,US,2022-05-29 17:05:51,38.8876,-76.5119,83.75,61,29,3.0,scattered clouds
146,Isangel,VU,2022-05-29 17:05:52,-19.55,169.2667,75.9,86,1,3.04,clear sky
147,Port Elizabeth,ZA,2022-05-29 17:05:52,-33.918,25.5701,56.1,89,54,7.0,moderate rain
148,Dingle,PH,2022-05-29 17:05:52,10.9995,122.6711,77.72,86,73,2.73,very heavy rain
149,Quatre Cocos,MU,2022-05-29 17:05:53,-20.2078,57.7625,71.1,57,14,20.51,few clouds
150,Adre,TD,2022-05-29 17:05:53,13.4667,22.2,85.59,37,75,15.08,broken clouds
151,Kangaba,ML,2022-05-29 17:05:53,11.9333,-8.4167,101.37,22,93,3.53,overcast clouds
152,Islahiye,TR,2022-05-29 17:05:54,37.025,36.6306,77.52,40,13,4.59,few clouds
153,Hamilton,US,2022-05-29 17:05:30,39.1834,-84.5333,80.94,63,0,8.05,clear sky
154,Karlskrona,SE,2022-05-29 17:05:54,56.1616,15.5866,63.05,73,33,8.23,scattered clouds
155,Esperance,AU,2022-05-29 17:05:54,-33.8667,121.9,55.53,68,100,22.12,overcast clouds
156,Beira,MZ,2022-05-29 17:05:55,-19.8436,34.8389,70.79,71,0,7.29,clear sky
157,Bukama,CD,2022-05-29 17:05:55,-9.2,25.85,75.67,45,0,2.75,clear sky
158,Sao Joao Da Barra,BR,2022-05-29 17:04:16,-21.6403,-41.0511,84.29,71,0,14.74,clear sky
159,Sladkovo,RU,2022-05-29 17:05:55,55.5284,70.3385,56.95,84,61,7.92,broken clouds
160,Shieli,KZ,2022-05-29 17:05:55,44.1667,66.75,72.45,29,2,7.47,clear sky
161,Half Moon Bay,US,2022-05-29 17:05:56,37.4636,-122.4286,67.87,61,20,10.36,few clouds
162,Abha,SA,2022-05-29 17:05:56,18.2164,42.5053,73.65,38,0,5.75,clear sky
163,Lebu,CL,2022-05-29 17:05:56,-37.6167,-73.65,48.87,60,70,13.29,broken clouds
164,Salamiyah,SY,2022-05-29 17:05:57,35.0113,37.0532,85.82,17,4,10.36,clear sky
165,Grand Gaube,MU,2022-05-29 17:05:57,-20.0064,57.6608,71.38,62,0,4.0,clear sky
166,Juruti,BR,2022-05-29 17:05:57,-2.1522,-56.0922,84.36,70,91,4.79,overcast clouds
167,Kavaratti,IN,2022-05-29 17:05:58,10.5669,72.642,83.32,72,83,5.77,broken clouds
168,Matara,LK,2022-05-29 17:05:58,5.9485,80.5353,78.51,90,99,10.42,overcast clouds
169,Kruisfontein,ZA,2022-05-29 17:05:58,-34.0033,24.7314,53.89,66,51,27.76,light rain
170,Lavrentiya,RU,2022-05-29 17:05:58,65.5833,-171.0,34.63,96,91,4.14,overcast clouds
171,Hasaki,JP,2022-05-29 17:05:59,35.7333,140.8333,64.29,68,0,2.08,clear sky
172,Luderitz,NA,2022-05-29 17:05:59,-26.6481,15.1594,60.62,65,0,22.24,clear sky
173,Ozernovskiy,RU,2022-05-29 17:05:59,51.5,156.5167,41.47,94,58,2.82,broken clouds
174,Olonets,RU,2022-05-29 17:06:00,60.9847,32.9698,49.03,96,100,5.1,overcast clouds
175,Tomatlan,MX,2022-05-29 17:06:00,19.9333,-105.25,88.07,46,86,6.91,overcast clouds
176,Linxia,CN,2022-05-29 17:06:00,35.6003,103.2064,54.91,73,97,3.49,overcast clouds
177,Sassandra,CI,2022-05-29 17:06:01,4.95,-6.0833,82.62,74,31,5.84,scattered clouds
178,Georgetown,MY,2022-05-29 17:06:01,5.4112,100.3354,80.53,89,20,0.0,few clouds
179,Amahai,ID,2022-05-29 17:06:01,-3.3333,128.9167,78.1,84,99,3.78,overcast clouds
180,Valparaiso,CL,2022-05-29 17:06:01,-33.0393,-71.6273,57.43,63,0,10.36,clear sky
181,Bambanglipuro,ID,2022-05-29 17:06:02,-7.95,110.2833,77.18,87,65,3.85,broken clouds
182,Seryshevo,RU,2022-05-29 17:06:02,51.0933,128.3786,56.84,98,100,8.3,moderate rain
183,Margate,GB,2022-05-29 17:06:02,51.3813,1.3862,56.3,69,49,7.0,scattered clouds
184,Saint George,US,2022-05-29 17:04:44,37.1041,-113.5841,78.64,14,0,20.71,clear sky
185,Whitehorse,CA,2022-05-29 17:06:03,60.7161,-135.0538,57.09,47,26,1.01,scattered clouds
186,Presidente Medici,BR,2022-05-29 17:06:03,-11.1753,-61.9014,89.76,48,10,4.18,clear sky
187,Krasnoselkup,RU,2022-05-29 17:06:03,65.7,82.4667,44.51,54,0,14.41,clear sky
188,Cidreira,BR,2022-05-29 17:06:04,-30.1811,-50.2056,62.87,93,100,8.97,light rain
189,Bara,NG,2022-05-29 17:06:04,10.3744,10.7288,97.34,18,88,6.49,overcast clouds
190,Chengde,CN,2022-05-29 17:06:04,40.9725,117.9361,52.5,29,0,2.04,clear sky
191,Kembe,CF,2022-05-29 17:06:05,4.6228,21.8865,76.8,72,73,0.47,broken clouds
192,Souillac,MU,2022-05-29 17:01:05,-20.5167,57.5167,73.72,56,85,19.62,overcast clouds
193,Bathsheba,BB,2022-05-29 17:04:03,13.2167,-59.5167,86.61,66,75,17.27,broken clouds
194,Bac Lieu,VN,2022-05-29 17:06:05,9.285,105.7244,79.7,85,100,10.78,overcast clouds
195,Locri,IT,2022-05-29 17:06:05,38.2414,16.2623,72.88,70,0,5.73,clear sky
196,Acapulco,MX,2022-05-29 17:02:50,16.8634,-99.8901,85.82,66,100,8.05,overcast clouds
197,Ozark,US,2022-05-29 17:06:06,37.0209,-93.206,85.82,64,75,5.99,broken clouds
198,Goderich,CA,2022-05-29 17:06:06,43.7501,-81.7165,69.91,87,97,11.32,overcast clouds
199,Namibe,AO,2022-05-29 17:06:06,-15.1961,12.1522,67.37,79,1,7.38,clear sky
200,Bethel,US,2022-05-29 17:06:07,41.3712,-73.414,77.18,53,0,5.75,clear sky
201,Aklavik,CA,2022-05-29 17:06:07,68.2191,-135.0107,39.2,81,100,4.61,overcast clouds
202,Nikolskoye,RU,2022-05-29 17:06:07,59.7035,30.7861,57.78,72,70,5.06,broken clouds
203,Chuy,UY,2022-05-29 17:06:08,-33.6971,-53.4616,58.6,57,7,13.09,clear sky
204,Naryan-Mar,RU,2022-05-29 17:06:08,67.6713,53.087,59.16,51,9,14.97,clear sky
205,Pangody,RU,2022-05-29 17:06:08,65.85,74.4859,48.15,41,6,18.14,clear sky
206,Joao Camara,BR,2022-05-29 17:06:09,-5.5375,-35.8197,82.35,69,50,10.83,scattered clouds
207,Bengkulu,ID,2022-05-29 17:06:11,-3.8004,102.2655,76.23,90,56,5.21,broken clouds
208,Saqqez,IR,2022-05-29 17:06:12,36.2499,46.2735,60.87,56,92,5.01,overcast clouds
209,Port Hedland,AU,2022-05-29 17:02:35,-20.3167,118.5667,66.25,100,75,17.27,moderate rain
210,Cairns,AU,2022-05-29 17:06:12,-16.9167,145.7667,66.15,97,40,0.0,scattered clouds
211,Slave Lake,CA,2022-05-29 17:01:36,55.2834,-114.769,48.18,87,100,18.41,overcast clouds
212,Honiara,SB,2022-05-29 17:06:12,-9.4333,159.95,76.68,85,35,2.93,scattered clouds
213,Oranjestad,AW,2022-05-29 17:06:13,12.524,-70.027,85.95,66,40,23.02,scattered clouds
214,Itaqui,BR,2022-05-29 17:01:22,-29.1253,-56.5531,60.93,84,92,11.21,overcast clouds
215,New Norfolk,AU,2022-05-29 17:06:13,-42.7826,147.0587,44.1,86,76,2.26,broken clouds
216,Marsabit,KE,2022-05-29 17:06:13,2.3284,37.9899,72.01,47,98,17.47,overcast clouds
217,Qaanaaq,GL,2022-05-29 17:06:14,77.484,-69.3632,25.93,63,100,7.05,overcast clouds
218,Waling,NP,2022-05-29 17:06:14,27.9833,83.7667,73.58,70,69,3.6,broken clouds
219,Qui Nhon,VN,2022-05-29 17:06:14,13.7667,109.2333,80.62,79,24,5.61,few clouds
220,Haines Junction,CA,2022-05-29 17:06:14,60.7522,-137.5108,53.46,43,53,1.81,broken clouds
221,Senanga,ZM,2022-05-29 17:06:15,-16.1167,23.2667,64.98,35,0,1.68,clear sky
222,Hannibal,US,2022-05-29 17:06:15,39.7084,-91.3585,83.32,44,0,11.5,clear sky
223,College,US,2022-05-29 17:05:26,64.8569,-147.8028,59.32,60,20,3.44,few clouds
224,Viana,BR,2022-05-29 17:06:15,-20.3903,-40.4961,80.37,53,21,7.9,few clouds
225,Villanueva,HN,2022-05-29 17:06:16,15.3167,-88.0,83.68,71,88,2.48,overcast clouds
226,Kalabo,ZM,2022-05-29 17:06:16,-14.97,22.6814,65.35,38,0,3.06,clear sky
227,Dikson,RU,2022-05-29 17:06:16,73.5069,80.5464,24.98,95,37,5.75,scattered clouds
228,Nuuk,GL,2022-05-29 17:06:17,64.1835,-51.7216,39.81,75,0,11.5,clear sky
229,Algiers,DZ,2022-05-29 17:04:26,36.7525,3.042,82.22,42,75,9.22,broken clouds
230,Saint Anthony,US,2022-05-29 17:06:17,45.0205,-93.218,74.14,80,75,20.71,broken clouds
231,Tilichiki,RU,2022-05-29 17:06:17,60.4667,166.1,35.42,98,100,0.6,light rain
232,Samarai,PG,2022-05-29 17:06:18,-10.6167,150.6667,78.06,70,22,5.88,few clouds
233,Tura,IN,2022-05-29 17:06:18,25.5198,90.2201,73.33,87,0,4.16,clear sky
234,Imbituba,BR,2022-05-29 17:06:18,-28.24,-48.6703,68.09,82,99,13.0,moderate rain
235,Sola,VU,2022-05-29 17:06:19,-13.8833,167.55,80.42,75,10,3.27,clear sky
236,Laramie,US,2022-05-29 17:03:29,41.3114,-105.5911,61.54,38,20,8.05,few clouds
237,Camacari,BR,2022-05-29 17:06:19,-12.6975,-38.3242,83.97,67,100,7.54,overcast clouds
238,Zupanja,HR,2022-05-29 17:06:19,45.0775,18.6975,58.98,71,100,10.47,overcast clouds
239,Dudinka,RU,2022-05-29 17:06:20,69.4058,86.1778,36.63,86,21,21.23,few clouds
240,Kuala Terengganu,MY,2022-05-29 17:06:20,5.3302,103.1408,79.93,83,100,4.41,overcast clouds
241,Aguilas,ES,2022-05-29 17:06:20,37.4063,-1.5829,83.03,41,98,8.19,overcast clouds
242,Pontecorvo,IT,2022-05-29 17:06:20,41.4616,13.6667,76.42,60,13,7.27,few clouds
243,Yaremche,UA,2022-05-29 17:06:21,48.4583,24.5519,52.36,91,100,2.71,overcast clouds
244,Fukue,JP,2022-05-29 17:06:21,32.6881,128.8419,67.6,94,100,22.28,overcast clouds
245,Fairbanks,US,2022-05-29 17:06:21,64.8378,-147.7164,59.34,60,0,3.44,clear sky
246,Adelaide,AU,2022-05-29 17:01:45,-34.9333,138.6,53.19,90,75,17.27,light intensity shower rain
247,Bandarbeyla,SO,2022-05-29 17:06:22,9.4942,50.8122,79.79,84,26,28.86,scattered clouds
248,Klaksvik,FO,2022-05-29 17:06:22,62.2266,-6.589,41.92,82,100,26.62,overcast clouds
249,Urumqi,CN,2022-05-29 17:06:04,43.801,87.6005,72.55,38,0,11.18,clear sky
250,Valdivia,CL,2022-05-29 17:06:23,-39.8142,-73.2459,39.29,64,71,2.04,broken clouds
251,Makakilo City,US,2022-05-29 17:06:23,21.3469,-158.0858,73.72,85,20,5.75,few clouds
252,Soyo,AO,2022-05-29 17:03:00,-6.1349,12.3689,75.6,83,47,10.65,scattered clouds
253,Hambantota,LK,2022-05-29 17:06:23,6.1241,81.1185,79.65,83,100,15.05,overcast clouds
254,Ossora,RU,2022-05-29 17:06:23,59.2353,163.0719,38.77,90,100,5.17,overcast clouds
255,Surok,RU,2022-05-29 17:06:24,56.4469,48.1214,50.83,82,21,6.4,few clouds
256,Venado Tuerto,AR,2022-05-29 17:06:24,-33.7456,-61.9688,55.76,23,31,9.86,scattered clouds
257,Ribeira Grande,PT,2022-05-29 17:06:24,38.5167,-28.7,61.2,63,40,19.57,scattered clouds
258,Upernavik,GL,2022-05-29 17:06:25,72.7868,-56.1549,31.33,82,10,13.91,clear sky
259,Fort Saint James,CA,2022-05-29 17:06:25,54.4333,-124.25,52.34,58,100,8.95,overcast clouds
260,Constantine,DZ,2022-05-29 17:06:25,36.365,6.6147,87.21,23,40,11.5,scattered clouds
261,Vasyurinskaya,RU,2022-05-29 17:06:26,45.1181,39.424,75.09,63,1,3.71,clear sky
262,Katsuura,JP,2022-05-29 17:02:25,35.1333,140.3,67.68,80,44,8.43,scattered clouds
263,Kankon,IN,2022-05-29 17:06:26,15.0167,74.0167,82.26,74,6,5.95,clear sky
264,Mikhaylovsk,RU,2022-05-29 17:06:26,45.1283,42.0256,71.82,53,0,6.71,clear sky
265,Chokurdakh,RU,2022-05-29 17:06:27,70.6333,147.9167,30.09,85,83,7.72,broken clouds
266,Ilulissat,GL,2022-05-29 17:06:27,69.2167,-51.1,35.62,75,26,8.05,scattered clouds
267,Oktyabrskiy,RU,2022-05-29 17:06:27,54.4815,53.471,57.47,77,98,6.76,light rain
268,San Patricio,US,2022-05-29 17:06:27,28.017,-97.5169,90.32,40,10,18.3,clear sky
269,Anadyr,RU,2022-05-29 17:06:28,64.75,177.4833,36.59,90,98,7.31,overcast clouds
270,Verkh-Suetka,RU,2022-05-29 17:06:28,53.3,80.05,60.37,45,38,7.92,scattered clouds
271,Sobolevo,RU,2022-05-29 17:06:28,54.4299,31.8996,51.96,76,37,5.19,scattered clouds
272,Sao Felix Do Xingu,BR,2022-05-29 17:06:29,-6.6447,-51.995,91.11,40,50,6.11,scattered clouds
273,Labuan,MY,2022-05-29 17:06:29,5.2767,115.2417,81.66,75,54,5.39,broken clouds
274,Guiratinga,BR,2022-05-29 17:06:29,-16.3494,-53.7583,89.83,30,2,6.35,clear sky
275,Kirishi,RU,2022-05-29 17:06:30,59.4471,32.0205,54.5,79,96,5.64,overcast clouds
276,Roebourne,AU,2022-05-29 17:06:30,-20.7833,117.1333,65.25,90,100,25.64,light rain
277,Khash,IR,2022-05-29 17:06:30,28.2211,61.2158,73.8,12,5,8.01,clear sky
278,Denpasar,ID,2022-05-29 17:06:30,-8.65,115.2167,82.06,89,20,3.44,few clouds
279,Bom Jardim,BR,2022-05-29 17:06:31,-7.7958,-35.5872,73.0,89,100,3.38,overcast clouds
280,Yeniseysk,RU,2022-05-29 17:06:31,58.4497,92.1703,54.23,52,98,3.58,overcast clouds
281,Ziro,IN,2022-05-29 17:06:31,27.6333,93.8333,56.73,97,44,1.16,scattered clouds
282,Khatanga,RU,2022-05-29 17:06:32,71.9667,102.5,31.24,86,47,11.99,scattered clouds
283,Kasongo-Lunda,CD,2022-05-29 17:02:17,-6.4667,16.8167,77.41,71,46,1.92,scattered clouds
284,Salinopolis,BR,2022-05-29 17:06:32,-0.6136,-47.3561,79.29,82,97,5.66,overcast clouds
285,Romilly-Sur-Seine,FR,2022-05-29 17:06:32,48.5108,3.7263,63.19,51,81,4.56,broken clouds
286,Banjar,ID,2022-05-29 17:06:33,-8.19,114.9675,76.53,86,49,3.27,scattered clouds
287,Valer,NO,2022-05-29 17:06:33,60.6785,11.8331,49.84,65,100,3.78,overcast clouds
288,Beringovskiy,RU,2022-05-29 17:06:33,63.05,179.3167,36.57,81,30,6.55,scattered clouds
289,Vostok,RU,2022-05-29 17:06:33,46.4856,135.8833,47.12,92,100,5.88,overcast clouds
290,Ketchikan,US,2022-05-29 17:06:34,55.3422,-131.6461,54.07,82,40,8.05,scattered clouds
291,Nishihara,JP,2022-05-29 17:06:34,26.1842,127.7558,80.26,99,100,18.41,fog
292,Springfield,US,2022-05-29 17:06:34,37.2153,-93.2982,84.52,59,0,21.85,clear sky
293,Mayumba,GA,2022-05-29 17:06:35,-3.432,10.6554,74.19,85,36,7.78,scattered clouds
294,Kokuy,RU,2022-05-29 17:06:35,52.2037,117.5529,38.53,89,95,2.64,overcast clouds
295,Road Town,VG,2022-05-29 17:06:35,18.4167,-64.6167,84.29,70,40,9.22,scattered clouds
296,Banda Aceh,ID,2022-05-29 17:06:36,5.5577,95.3222,80.08,75,98,11.9,overcast clouds
297,Olinda,BR,2022-05-29 17:03:09,-8.0089,-34.8553,76.73,94,100,9.22,moderate rain
298,Batsfjord,NO,2022-05-29 17:03:10,70.6345,29.7185,44.53,81,0,10.36,clear sky
299,Beloha,MG,2022-05-29 17:06:36,-25.1667,45.05,67.41,71,0,11.72,clear sky
300,Yichang,CN,2022-05-29 17:06:37,30.7144,111.2847,76.23,72,98,5.32,overcast clouds
301,Arbazh,RU,2022-05-29 17:06:37,57.6804,48.3065,49.66,88,70,8.32,broken clouds
302,Chapais,CA,2022-05-29 17:02:50,49.7834,-74.8492,62.6,23,3,12.1,clear sky
303,Valky,UA,2022-05-29 17:06:37,49.8387,35.6207,54.52,91,98,2.44,overcast clouds
304,Usinsk,RU,2022-05-29 17:06:38,65.9939,57.5281,58.86,54,46,21.81,scattered clouds
305,Roald,NO,2022-05-29 17:06:38,62.5833,6.1333,48.34,81,75,3.44,broken clouds
306,Kuroishi,JP,2022-05-29 17:06:38,40.6389,140.5922,51.76,94,46,1.99,scattered clouds
307,Southbridge,US,2022-05-29 17:06:38,42.0751,-72.0334,77.18,52,26,1.99,scattered clouds
308,Zalesovo,RU,2022-05-29 17:06:39,53.9939,84.7431,51.91,88,39,5.88,scattered clouds
309,Atasu,KZ,2022-05-29 17:06:39,48.6814,71.6433,63.61,45,8,5.28,clear sky
310,Berlevag,NO,2022-05-29 17:03:10,70.8578,29.0864,44.55,76,60,11.5,broken clouds
311,Sarkand,KZ,2022-05-29 17:06:39,45.41,79.9186,53.49,80,100,5.55,light rain
312,Surt,LY,2022-05-29 17:06:40,31.2089,16.5887,74.41,59,47,10.49,scattered clouds
313,Kirkwall,GB,2022-05-29 17:06:40,58.9848,-2.9587,46.96,87,75,14.97,broken clouds
314,Shache,CN,2022-05-29 17:06:40,38.4167,77.2406,63.03,66,68,3.78,broken clouds
315,Praia,CV,2022-05-29 17:06:41,14.9215,-23.5087,82.94,44,0,19.57,clear sky
316,Sur,OM,2022-05-29 17:04:39,22.5667,59.5289,89.06,58,0,11.9,clear sky
317,Lasa,IT,2022-05-29 17:06:41,46.6166,10.7002,52.7,88,100,2.77,overcast clouds
318,Racale,IT,2022-05-29 17:06:41,39.9631,18.0938,70.84,67,2,11.14,clear sky
319,Albury,AU,2022-05-29 17:06:41,-36.0833,146.9167,46.02,100,40,3.0,scattered clouds
320,Iregszemcse,HU,2022-05-29 17:06:42,46.6929,18.1858,54.32,92,100,8.34,overcast clouds
321,Rio Maior,PT,2022-05-29 17:06:42,39.3373,-8.9391,71.91,69,78,5.01,broken clouds
322,Nalut,LY,2022-05-29 17:06:42,30.3333,10.85,91.44,12,10,7.74,clear sky
323,Aykhal,RU,2022-05-29 17:06:43,66.0,111.5,43.23,54,100,14.81,overcast clouds
324,Yerbogachen,RU,2022-05-29 17:06:43,61.2767,108.0108,44.19,60,45,1.43,scattered clouds
325,Coquimbo,CL,2022-05-29 17:06:43,-29.9533,-71.3436,55.13,82,100,9.22,overcast clouds
326,Mehamn,NO,2022-05-29 17:06:44,71.0357,27.8492,44.51,79,43,12.88,scattered clouds
327,Mezen,RU,2022-05-29 17:06:44,65.8522,44.24,58.69,80,78,4.88,broken clouds
328,Kitgum,UG,2022-05-29 17:06:44,3.2783,32.8867,63.95,98,100,3.49,light rain
329,Batemans Bay,AU,2022-05-29 17:06:45,-35.7167,150.1833,44.28,76,0,6.55,clear sky
330,Port-Cartier,CA,2022-05-29 17:06:45,50.0334,-66.8654,55.13,49,25,16.6,scattered clouds
331,Svarstad,NO,2022-05-29 17:06:45,59.399,9.9698,57.36,53,100,1.99,overcast clouds
332,Iqaluit,CA,2022-05-29 17:06:45,63.7506,-68.5145,32.7,74,100,15.01,overcast clouds
333,Taltal,CL,2022-05-29 17:06:46,-25.4,-70.4833,62.92,68,13,7.99,few clouds
334,Tucumcari,US,2022-05-29 17:06:46,35.1717,-103.725,89.44,5,0,27.63,clear sky
335,Marawi,PH,2022-05-29 17:06:46,7.9986,124.2928,68.49,93,100,0.04,overcast clouds
336,Bubaque,GW,2022-05-29 17:06:47,11.2833,-15.8333,81.73,76,100,13.76,overcast clouds
337,Kroya,ID,2022-05-29 17:06:47,-7.6331,109.2461,77.86,87,78,3.33,broken clouds
338,Pochutla,MX,2022-05-29 17:06:47,15.7432,-96.4661,78.82,78,100,2.64,overcast clouds
339,Tullahoma,US,2022-05-29 17:06:47,35.362,-86.2094,82.98,55,75,9.22,broken clouds
340,Panjakent,TJ,2022-05-29 17:06:48,39.4952,67.6093,57.45,65,7,4.99,clear sky
341,Sabha,LY,2022-05-29 17:06:48,27.0377,14.4283,96.6,10,0,8.77,clear sky
342,Buarcos,PT,2022-05-29 17:06:48,40.166,-8.8768,68.67,78,61,12.19,broken clouds
343,Barcelos,PT,2022-05-29 17:02:26,41.5388,-8.6151,71.85,65,84,6.42,broken clouds
344,Kenai,US,2022-05-29 17:06:49,60.5544,-151.2583,63.03,43,0,4.61,clear sky
345,Miranda,CO,2022-05-29 17:06:49,3.2499,-76.2281,80.73,76,74,1.23,broken clouds
346,Okhotsk,RU,2022-05-29 17:06:49,59.3833,143.3,37.22,86,100,5.19,overcast clouds
347,Arman,RU,2022-05-29 17:06:50,59.7,150.1667,35.89,96,100,5.12,overcast clouds
348,Koumac,NC,2022-05-29 17:06:50,-20.5667,164.2833,72.86,77,8,0.85,clear sky
349,Longyearbyen,SJ,2022-05-29 17:06:50,78.2186,15.6401,46.24,76,0,12.66,clear sky
350,Dimbokro,CI,2022-05-29 17:06:50,6.6451,-4.7048,84.22,71,93,5.28,overcast clouds
351,Luanda,AO,2022-05-29 17:06:51,-8.8368,13.2343,75.2,78,0,10.36,clear sky
352,Sisimiut,GL,2022-05-29 17:06:51,66.9395,-53.6735,39.72,63,6,8.19,clear sky
353,Whitianga,NZ,2022-05-29 17:06:51,-36.8333,175.7,64.44,95,100,21.63,moderate rain
354,Shunyi,CN,2022-05-29 17:06:52,40.125,116.6453,55.35,47,0,2.24,clear sky
355,Mandera,KE,2022-05-29 17:06:52,3.9366,41.867,84.92,48,88,16.67,overcast clouds
356,Nemuro,JP,2022-05-29 17:06:52,43.3236,145.575,43.93,92,100,22.59,overcast clouds
357,Kahului,US,2022-05-29 17:06:52,20.8947,-156.47,76.84,77,0,0.0,clear sky
358,Prince Rupert,CA,2022-05-29 17:06:53,54.3161,-130.3201,50.09,87,100,3.44,overcast clouds
359,Delano,US,2022-05-29 17:04:57,35.7688,-119.247,70.25,45,10,11.3,clear sky
360,Vapi,IN,2022-05-29 17:06:53,20.3718,72.9049,83.34,74,0,12.91,clear sky
361,Peniche,PT,2022-05-29 17:06:54,39.3558,-9.3811,68.07,77,93,13.42,overcast clouds
362,Turbat,PK,2022-05-29 17:06:54,26.0023,63.044,88.72,49,0,5.41,clear sky
363,Cabo San Lucas,MX,2022-05-29 17:05:26,22.8909,-109.9124,83.52,76,0,9.22,clear sky
364,Aden,YE,2022-05-29 17:06:54,12.7794,45.0367,87.53,66,30,1.81,scattered clouds
365,Lexington,US,2022-05-29 17:06:12,37.9887,-84.4777,79.29,61,20,6.91,few clouds
366,Harbour Breton,CA,2022-05-29 17:06:55,47.4833,-55.7983,48.29,92,100,14.36,overcast clouds
367,Huicheng,CN,2022-05-29 17:06:55,23.0385,116.2899,77.58,93,61,2.84,broken clouds
368,Nampula,MZ,2022-05-29 17:06:55,-15.1165,39.2666,66.72,74,20,4.92,few clouds
369,Tonj,SS,2022-05-29 17:06:55,7.2737,28.6822,75.47,77,68,1.59,light rain
370,Sa Kaeo,TH,2022-05-29 17:06:56,13.75,102.3333,76.03,92,64,4.74,broken clouds
371,Sechura,PE,2022-05-29 17:06:56,-5.5569,-80.8222,74.28,60,20,9.4,few clouds
372,Pokhara,NP,2022-05-29 17:06:56,28.2333,83.9833,73.54,71,96,4.52,overcast clouds
373,Xichang,CN,2022-05-29 17:06:57,27.8964,102.2634,61.05,92,89,6.51,light rain
374,Pimentel,PE,2022-05-29 17:06:57,-6.8367,-79.9342,73.69,56,0,14.97,clear sky
375,Tezu,IN,2022-05-29 17:06:57,27.9167,96.1667,73.9,88,2,4.38,clear sky
376,Port Hardy,CA,2022-05-29 17:06:57,50.6996,-127.4199,50.95,83,100,7.05,overcast clouds
377,Shancheng,CN,2022-05-29 17:06:58,34.7953,116.0817,69.31,64,100,10.36,overcast clouds
378,Kerman,IR,2022-05-29 17:06:58,30.2832,57.0788,74.39,13,0,10.74,clear sky
379,Mahenge,TZ,2022-05-29 17:06:58,-8.6833,36.7167,63.19,64,31,3.29,scattered clouds
380,Touros,BR,2022-05-29 17:04:44,-5.1989,-35.4608,83.48,66,28,13.22,scattered clouds
381,Faanui,PF,2022-05-29 17:06:59,-16.4833,-151.75,79.92,73,17,12.8,light rain
382,Kilrush,IE,2022-05-29 17:06:59,52.6397,-9.4833,62.35,59,1,10.96,clear sky
383,Barkly West,ZA,2022-05-29 17:06:59,-28.5354,24.5215,53.42,49,0,12.62,clear sky
384,Krasnovishersk,RU,2022-05-29 17:07:00,60.4078,57.082,50.67,94,100,7.2,light rain
385,Sumbe,AO,2022-05-29 17:04:19,-11.2061,13.8437,72.01,84,10,7.83,clear sky
386,Santa Rosalia,MX,2022-05-29 17:06:56,27.3167,-112.2833,83.73,32,1,7.38,clear sky
387,Vangaindrano,MG,2022-05-29 17:07:00,-23.35,47.6,67.8,82,98,3.85,overcast clouds
388,Qeshm,IR,2022-05-29 17:07:00,26.9581,56.2719,87.67,63,0,10.63,clear sky
389,Rio De Janeiro,BR,2022-05-29 17:05:49,-22.9028,-43.2075,88.0,52,0,10.36,clear sky
390,Andenes,NO,2022-05-29 17:07:01,69.3143,16.1194,51.78,76,84,13.8,broken clouds
391,Dharchula,IN,2022-05-29 17:07:01,29.85,80.5333,71.38,64,76,4.9,broken clouds
392,Akyab,MM,2022-05-29 17:07:01,20.15,92.9,82.4,83,46,5.39,scattered clouds
393,Kashi,CN,2022-05-29 17:07:02,39.4547,75.9797,61.54,50,9,3.91,clear sky
394,Graneros,CL,2022-05-29 17:07:02,-34.0667,-70.7333,44.78,76,20,3.44,haze
395,Ostrovnoy,RU,2022-05-29 17:07:02,68.0531,39.5131,38.44,85,27,15.08,scattered clouds
396,Gat,IL,2022-05-29 17:04:00,31.61,34.7642,83.39,21,0,8.32,clear sky
397,Chany,RU,2022-05-29 17:07:03,55.3121,76.7647,62.53,57,58,7.96,broken clouds
398,Tsiroanomandidy,MG,2022-05-29 17:07:03,-18.7667,46.0333,70.14,54,90,1.19,overcast clouds
399,Lagoa Da Prata,BR,2022-05-29 17:07:03,-20.0225,-45.5436,80.15,34,0,6.33,clear sky
400,Asau,RO,2022-05-29 17:07:04,46.4333,26.4,63.52,91,100,2.75,overcast clouds
401,Novokruchininskiy,RU,2022-05-29 17:07:04,51.7833,113.7667,44.33,82,99,5.46,overcast clouds
402,Chihuahua,MX,2022-05-29 17:02:15,28.5,-106.0,86.54,8,0,26.35,clear sky
403,Tigre,AR,2022-05-29 17:07:04,-34.426,-58.5796,52.27,48,0,9.22,clear sky
404,Santa Fe,AR,2022-05-29 17:06:52,-31.6333,-60.7,61.02,39,95,7.0,overcast clouds
405,Rawson,AR,2022-05-29 17:07:05,-43.3002,-65.1023,47.71,43,44,28.54,scattered clouds
406,Khandyga,RU,2022-05-29 17:07:05,62.6667,135.6,47.66,92,100,4.12,light rain
407,Bruck An Der Leitha,AT,2022-05-29 17:07:06,48.0167,16.7667,59.85,82,40,11.5,light rain
408,Moose Factory,CA,2022-05-29 17:07:06,51.2585,-80.6094,60.22,32,89,7.99,overcast clouds
409,Kleinmachnow,DE,2022-05-29 17:07:06,52.4,13.2333,62.24,64,20,8.05,few clouds
410,Hofn,IS,2022-05-29 17:07:07,64.2539,-15.2082,47.48,76,4,11.43,clear sky
411,Vallenar,CL,2022-05-29 17:07:07,-28.5708,-70.7581,68.79,35,28,4.88,scattered clouds
412,Laguna,US,2022-05-29 17:07:07,38.421,-121.4238,69.31,37,0,17.27,clear sky
413,Erzin,TR,2022-05-29 17:07:07,36.9559,36.2,76.73,51,0,4.03,clear sky
414,San Ignacio,BZ,2022-05-29 17:07:08,17.1561,-89.0714,81.43,78,93,3.85,overcast clouds
415,Wucheng,CN,2022-05-29 17:07:08,29.6008,118.175,72.91,99,97,3.24,overcast clouds
416,Jiaohe,CN,2022-05-29 17:07:08,43.7286,127.3447,56.25,97,100,3.78,moderate rain
417,Ambilobe,MG,2022-05-29 17:07:09,-13.2,49.05,70.77,73,25,4.81,scattered clouds
418,Okha,RU,2022-05-29 17:07:09,53.5739,142.9478,33.17,95,84,8.81,broken clouds
419,Rocha,UY,2022-05-29 17:07:09,-34.4833,-54.3333,53.58,54,83,15.37,broken clouds
420,Auki,SB,2022-05-29 17:07:10,-8.7676,160.7034,76.64,89,15,3.29,few clouds
421,Padang,ID,2022-05-29 17:07:10,-0.9492,100.3543,76.82,88,42,4.23,light rain
422,General Roca,AR,2022-05-29 17:07:10,-39.0333,-67.5833,46.62,30,37,4.9,scattered clouds
423,Limoges,FR,2022-05-29 17:05:48,45.75,1.3333,64.67,39,0,11.5,clear sky
424,La Paz,BO,2022-05-29 17:07:11,-16.5,-68.15,60.78,15,31,13.8,scattered clouds
425,Barranca,PE,2022-05-29 17:05:04,-10.75,-77.7667,66.83,69,53,10.6,broken clouds
426,Bintulu,MY,2022-05-29 17:07:11,3.1667,113.0333,78.71,82,19,2.35,few clouds
427,Aliwal North,ZA,2022-05-29 17:07:11,-30.6937,26.7114,49.19,52,3,11.43,clear sky
428,Los Arabos,CU,2022-05-29 17:07:12,22.7281,-80.7214,89.35,47,53,6.78,broken clouds
429,Shelburne,CA,2022-05-29 17:07:12,44.0787,-80.2041,70.36,63,60,6.76,broken clouds
430,Fort Nelson,CA,2022-05-29 17:07:12,58.8053,-122.7002,48.97,61,100,3.62,overcast clouds
431,Coronon,PH,2022-05-29 17:07:13,6.8792,125.4489,75.13,92,100,6.15,overcast clouds
432,Khingansk,RU,2022-05-29 17:07:13,49.1167,131.1833,54.95,92,100,20.0,overcast clouds
433,Mwense,ZM,2022-05-29 17:07:13,-10.3845,28.698,67.86,57,13,4.09,few clouds
434,Verkhnevilyuysk,RU,2022-05-29 17:07:14,63.4453,120.3167,46.36,74,100,3.22,overcast clouds
435,Goma,CD,2022-05-29 17:07:14,-1.6792,29.2228,63.54,92,100,3.11,moderate rain
436,Cayenne,GF,2022-05-29 17:07:14,4.9333,-52.3333,80.1,1,75,13.8,broken clouds
437,Prado,BR,2022-05-29 17:05:45,-17.3411,-39.2208,77.02,83,67,7.65,broken clouds
438,Nanjangud,IN,2022-05-29 17:07:15,12.1197,76.6828,73.27,85,55,11.03,broken clouds
439,Kamenka,RU,2022-05-29 17:07:15,51.3223,42.7678,51.3,97,100,4.74,moderate rain
440,Vaasa,FI,2022-05-29 17:07:15,63.096,21.6158,57.29,72,0,5.75,clear sky
441,Ahipara,NZ,2022-05-29 17:07:15,-35.1667,173.1667,64.2,92,98,8.72,light rain
442,Santo Antonio Do Sudoeste,BR,2022-05-29 17:07:16,-26.0736,-53.7253,62.56,99,100,2.01,moderate rain
443,Vardo,NO,2022-05-29 17:04:23,70.3705,31.1107,42.78,81,0,8.05,clear sky
444,Smithers,CA,2022-05-29 17:07:16,54.7804,-127.1743,48.25,88,100,2.82,overcast clouds
445,Kuryk,KZ,2022-05-29 17:07:16,43.2,51.65,79.2,22,0,4.81,clear sky
446,Broome,US,2022-05-29 17:07:17,42.2506,-75.833,74.62,53,0,4.61,clear sky
447,Maragogi,BR,2022-05-29 17:07:17,-9.0122,-35.2225,80.06,81,66,9.04,broken clouds
448,Paamiut,GL,2022-05-29 17:03:11,61.994,-49.6678,36.99,82,9,4.88,clear sky
449,Rumonge,BI,2022-05-29 17:07:17,-3.9736,29.4386,73.33,79,73,2.28,light rain
450,Viedma,AR,2022-05-29 17:07:18,-40.8135,-62.9967,48.06,46,74,22.5,broken clouds
451,Karratha,AU,2022-05-29 17:07:18,-20.7377,116.8463,65.3,92,100,27.36,moderate rain
452,Hirara,JP,2022-05-29 17:07:18,24.8,125.2833,80.65,93,55,16.75,broken clouds
453,Piacabucu,BR,2022-05-29 17:07:19,-10.4056,-36.4344,80.55,80,60,10.67,broken clouds
454,Velasco Ibarra,EC,2022-05-29 17:03:11,-1.05,-79.6167,78.04,77,89,3.94,overcast clouds
455,Liverpool,GB,2022-05-29 17:07:19,53.4106,-2.9779,60.98,60,40,8.05,scattered clouds
456,Lukovetskiy,RU,2022-05-29 17:07:19,64.2956,41.9211,55.33,87,100,2.57,light rain
457,Pisco,PE,2022-05-29 17:07:20,-13.7,-76.2167,66.25,72,0,11.5,clear sky
458,Pahrump,US,2022-05-29 17:07:20,36.2083,-115.9839,75.94,13,0,10.0,clear sky
459,Toila,EE,2022-05-29 17:07:20,59.4236,27.5025,54.23,79,90,5.73,overcast clouds
460,Uinskoye,RU,2022-05-29 17:07:21,56.8817,56.5813,51.53,85,67,8.3,broken clouds
461,Jasper,US,2022-05-29 17:04:14,37.2001,-94.3502,84.25,41,20,19.57,few clouds
462,Hovd,MN,2022-05-29 17:07:21,48.0056,91.6419,67.69,30,21,2.73,few clouds
463,Saint-Augustin,CA,2022-05-29 17:07:21,51.226,-58.6502,50.54,63,99,16.08,overcast clouds
464,Bay Roberts,CA,2022-05-29 17:07:22,47.5999,-53.2648,52.48,97,100,11.03,overcast clouds
465,Matagami,CA,2022-05-29 17:07:22,49.7502,-77.6328,64.71,42,99,5.68,overcast clouds
466,Muravlenko,RU,2022-05-29 17:07:22,63.7898,74.523,56.86,32,87,20.24,overcast clouds
467,Escada,BR,2022-05-29 17:07:23,-8.3592,-35.2236,75.94,88,95,5.91,overcast clouds
468,Vieques,PR,2022-05-29 17:07:23,18.425,-65.8329,90.84,62,40,20.71,scattered clouds
469,Bouna,CI,2022-05-29 17:07:23,9.2667,-3.0,97.68,29,50,7.54,scattered clouds
470,Sosnovo-Ozerskoye,RU,2022-05-29 17:07:24,52.5249,111.5418,37.56,90,96,2.35,overcast clouds
471,Umm Lajj,SA,2022-05-29 17:07:24,25.0213,37.2685,83.73,51,0,6.8,clear sky
472,Havoysund,NO,2022-05-29 17:07:24,70.9963,24.6622,43.03,85,62,17.94,broken clouds
473,Sao Miguel Do Araguaia,BR,2022-05-29 17:07:24,-13.275,-50.1628,91.99,20,74,4.61,broken clouds
474,Teutonia,BR,2022-05-29 17:06:11,-29.4481,-51.8064,66.33,97,100,3.06,heavy intensity rain
475,Maldonado,UY,2022-05-29 17:07:25,-34.6667,-54.9167,52.99,52,49,15.5,scattered clouds
476,Manokwari,ID,2022-05-29 17:07:25,-0.8667,134.0833,76.51,84,60,5.17,broken clouds
477,Verkhoyansk,RU,2022-05-29 17:07:25,67.5447,133.385,39.22,74,40,5.86,scattered clouds
478,Marovoay,MG,2022-05-29 17:07:26,-16.1,46.6333,80.26,49,90,12.77,overcast clouds
479,Lazarev,RU,2022-05-29 17:07:26,52.225,141.5131,39.31,99,96,4.38,overcast clouds
480,Bilma,NE,2022-05-29 17:07:26,18.6853,12.9164,100.31,6,0,0.96,clear sky
481,Baykit,RU,2022-05-29 17:07:27,61.67,96.37,51.37,80,89,2.26,overcast clouds
482,Chancay,PE,2022-05-29 17:07:27,-11.5714,-77.2672,66.81,70,39,9.78,scattered clouds
483,Hun,LY,2022-05-29 17:07:27,29.1268,15.9477,93.29,13,1,8.9,clear sky
484,Ancud,CL,2022-05-29 17:07:27,-41.8697,-73.8203,46.81,66,82,1.05,broken clouds
485,Sergeyevka,KZ,2022-05-29 17:07:28,53.88,67.4158,63.23,76,41,8.95,scattered clouds
486,Whitley Bay,GB,2022-05-29 17:07:28,55.0397,-1.4471,57.07,55,20,3.44,few clouds
487,Bealanana,MG,2022-05-29 17:07:28,-14.55,48.7333,56.14,97,24,5.08,few clouds
488,North Battleford,CA,2022-05-29 17:07:29,52.7834,-108.2847,63.41,50,100,11.5,overcast clouds
489,Sao Cristovao,BR,2022-05-29 17:03:25,-11.0147,-37.2064,78.71,89,75,10.36,broken clouds
490,Novaky,SK,2022-05-29 17:07:29,48.7111,18.5339,59.22,65,100,4.0,overcast clouds
491,Kiama,AU,2022-05-29 17:07:29,-34.6833,150.8667,52.38,68,0,14.0,clear sky
492,Kedougou,SN,2022-05-29 17:05:03,12.5579,-12.1743,100.11,27,94,4.99,overcast clouds
493,Coolum Beach,AU,2022-05-29 17:07:30,-26.5333,153.1,56.34,68,99,5.19,overcast clouds
494,Obama,JP,2022-05-29 17:07:30,35.4958,135.746,68.95,55,100,5.75,overcast clouds
495,Sinnamary,GF,2022-05-29 17:07:30,5.3833,-52.95,80.58,85,52,9.44,light rain
496,Staryy Nadym,RU,2022-05-29 17:07:30,65.6118,72.6842,51.35,36,14,21.07,few clouds
497,Leshukonskoye,RU,2022-05-29 17:07:31,64.8989,45.7622,56.88,85,73,5.99,broken clouds
498,Kathu,TH,2022-05-29 17:07:31,7.9178,98.3332,86.76,69,100,11.45,overcast clouds
499,Kirakira,SB,2022-05-29 17:07:31,-10.4544,161.9205,78.93,82,65,2.91,broken clouds
500,Lodja,CD,2022-05-29 17:07:32,-3.4833,23.4333,76.86,71,50,1.36,scattered clouds
501,Bjerkvik,NO,2022-05-29 17:07:32,68.5597,17.5189,58.82,74,78,8.93,broken clouds
502,Saquena,PE,2022-05-29 17:07:32,-4.6667,-73.5167,87.75,56,69,2.71,broken clouds
503,Neiafu,TO,2022-05-29 17:07:33,-18.65,-173.9833,79.48,89,75,11.5,broken clouds
504,Lata,PT,2022-05-29 17:07:33,40.1629,-8.3327,72.0,58,49,11.14,scattered clouds
505,Iwaki,JP,2022-05-29 17:07:33,37.05,140.8833,61.77,85,0,9.51,clear sky
506,Salem,IN,2022-05-29 17:03:44,11.65,78.1667,81.66,69,93,4.07,overcast clouds
507,Altay,CN,2022-05-29 17:05:10,47.8667,88.1167,66.24,63,83,9.66,broken clouds
508,Buin,CL,2022-05-29 17:04:28,-33.7333,-70.75,58.05,41,26,4.59,scattered clouds
509,Libertador General San Martin,AR,2022-05-29 17:07:34,-23.8064,-64.7876,63.97,55,90,3.47,overcast clouds
510,Tiarei,PF,2022-05-29 17:07:34,-17.5333,-149.3333,73.42,68,12,10.31,few clouds
511,Virginia Beach,US,2022-05-29 17:04:53,36.8529,-75.978,84.06,57,20,8.05,few clouds
512,Hurricane,US,2022-05-29 17:06:36,37.1753,-113.2899,77.34,17,0,14.34,clear sky
513,Lithgow,AU,2022-05-29 17:07:35,-33.4833,150.15,35.02,92,34,6.49,scattered clouds
514,Aksarka,RU,2022-05-29 17:07:35,66.5606,67.7975,45.19,47,16,19.42,few clouds
515,Santa Catalina,PH,2022-05-29 17:07:35,9.3337,122.8637,80.2,83,99,3.65,moderate rain
516,Mpika,ZM,2022-05-29 17:07:35,-11.8343,31.4529,56.14,64,0,5.35,clear sky
517,Necochea,AR,2022-05-29 17:07:18,-38.5473,-58.7368,48.0,69,87,18.68,overcast clouds
518,Pafos,CY,2022-05-29 17:07:36,34.7667,32.4167,80.38,54,0,12.66,clear sky
519,Sotouboua,TG,2022-05-29 17:07:36,8.5667,0.9833,88.75,49,39,6.44,scattered clouds
520,Pontianak,ID,2022-05-29 17:07:36,-0.0333,109.3333,76.98,94,40,0.0,scattered clouds
521,Vao,NC,2022-05-29 17:07:37,-22.6667,167.4833,73.67,78,86,5.53,overcast clouds
522,Sakakah,SA,2022-05-29 17:07:37,29.9697,40.2064,93.36,8,0,7.45,clear sky
523,Dawlatabad,AF,2022-05-29 17:07:37,36.4141,64.9053,75.25,19,0,3.83,clear sky
524,Quixada,BR,2022-05-29 17:07:38,-4.9714,-39.0153,89.74,39,8,7.52,clear sky
525,Colon,PA,2022-05-29 17:07:38,9.3592,-79.9014,83.35,81,72,2.91,broken clouds
526,Iguape,BR,2022-05-29 17:04:54,-24.7081,-47.5553,85.23,40,0,7.7,clear sky
527,Zhenlai,CN,2022-05-29 17:07:38,45.8495,123.2973,49.03,77,77,9.53,broken clouds
528,Richards Bay,ZA,2022-05-29 17:07:39,-28.783,32.0377,69.84,86,0,3.6,clear sky
529,Areosa,PT,2022-05-29 17:07:39,41.7178,-8.8571,66.65,76,83,6.13,broken clouds
530,Iberia,US,2022-05-29 17:07:39,29.9502,-91.7507,86.05,54,20,10.36,few clouds
531,Puerto Del Rosario,ES,2022-05-29 17:07:39,28.5004,-13.8627,74.95,60,0,9.22,clear sky
532,Boralday,KZ,2022-05-29 17:07:40,43.3578,76.8594,55.26,82,75,2.24,light rain
533,La Ronge,CA,2022-05-29 17:07:40,55.1001,-105.2842,52.02,87,100,6.91,mist
534,Vorozhba,UA,2022-05-29 17:07:40,51.1733,34.2192,55.45,76,64,3.94,broken clouds
535,Castro-Urdiales,ES,2022-05-29 17:07:41,43.3829,-3.2204,76.24,53,1,8.41,clear sky
536,The Valley,AI,2022-05-29 17:07:41,18.217,-63.0578,86.14,70,40,16.11,scattered clouds
537,Ust-Omchug,RU,2022-05-29 17:07:41,61.15,149.6333,42.58,84,100,6.17,overcast clouds
538,Oliveira Dos Brejinhos,BR,2022-05-29 17:07:42,-12.3169,-42.8961,91.72,23,0,3.27,clear sky
539,Broken Hill,AU,2022-05-29 17:07:42,-31.95,141.4333,52.14,91,100,27.45,overcast clouds
540,Meulaboh,ID,2022-05-29 17:07:42,4.1363,96.1285,77.63,78,100,4.5,overcast clouds
541,Shahgarh,IN,2022-05-29 17:07:42,24.3167,79.1333,96.4,20,72,8.95,broken clouds
542,Voskresenskoye,RU,2022-05-29 17:07:43,56.8381,45.4317,50.5,78,14,6.49,few clouds
543,Vitim,RU,2022-05-29 17:07:43,59.4511,112.5578,47.3,67,100,1.14,overcast clouds
544,Kailua,US,2022-05-29 17:02:59,21.4022,-157.7394,75.18,96,91,7.25,light rain
545,Rodnykove,UA,2022-05-29 17:07:43,45.043,33.9541,63.64,66,20,5.23,few clouds
546,Monkey Bay,MW,2022-05-29 17:07:44,-14.0728,34.9201,74.37,49,4,1.86,clear sky
547,Alugan,PH,2022-05-29 17:07:44,12.2188,125.4808,80.49,81,92,5.17,light rain
548,Kapuskasing,CA,2022-05-29 17:07:02,49.4169,-82.4331,56.98,87,100,3.29,overcast clouds
549,Faya,SA,2022-05-29 17:07:44,18.3851,42.4509,73.92,40,51,5.88,broken clouds
550,Evensk,RU,2022-05-29 17:07:45,61.95,159.2333,39.74,89,77,0.47,broken clouds
551,Coihaique,CL,2022-05-29 17:07:45,-45.5752,-72.0662,42.75,56,0,0.0,clear sky
552,Tambovka,RU,2022-05-29 17:07:45,50.0969,128.0489,56.8,95,100,13.82,overcast clouds
553,Prachuap Khiri Khan,TH,2022-05-29 17:07:45,12.2167,99.75,81.57,79,98,7.0,overcast clouds
554,Vengerovo,RU,2022-05-29 17:07:46,55.6848,76.7471,60.67,64,43,7.96,scattered clouds
555,Nouadhibou,MR,2022-05-29 17:07:46,20.931,-17.0347,66.47,83,6,23.17,clear sky
556,Ilinskiy,RU,2022-05-29 17:07:46,55.619,38.1182,59.38,47,0,4.47,clear sky
557,Ivanovka,KG,2022-05-29 17:07:47,42.8878,75.085,51.73,89,100,7.18,overcast clouds
558,San Fernando,PH,2022-05-29 17:07:47,15.0286,120.6898,82.13,84,34,1.77,scattered clouds
559,Nara,JP,2022-05-29 17:05:54,34.6851,135.8049,70.7,53,80,1.36,broken clouds
560,Siguiri,GN,2022-05-29 17:03:06,11.6667,-9.5,91.71,41,91,9.04,overcast clouds
561,Nanortalik,GL,2022-05-29 17:07:47,60.1432,-45.2371,40.55,80,80,10.56,broken clouds
562,Berezanskaya,RU,2022-05-29 17:07:48,45.7056,39.5932,68.63,64,2,2.84,clear sky
563,Winneba,GH,2022-05-29 17:07:48,5.3511,-0.6231,81.63,77,62,9.57,broken clouds
564,Urbino,IT,2022-05-29 17:07:48,43.7298,12.6356,62.35,99,100,4.18,overcast clouds
565,Atbasar,KZ,2022-05-29 17:07:49,51.8,68.3333,69.01,46,14,8.97,few clouds
566,Sayyan,YE,2022-05-29 17:07:49,15.1718,44.3244,69.82,19,98,11.79,overcast clouds
567,Amlame,TG,2022-05-29 17:07:49,7.4667,0.9,82.06,75,52,6.58,light rain
568,Mahanje,TZ,2022-05-29 17:07:50,-9.9333,35.3333,60.87,70,12,1.92,few clouds
569,Micomeseng,GQ,2022-05-29 17:07:50,2.1462,10.6164,72.21,96,66,3.85,light rain
570,Biltine,TD,2022-05-29 17:07:50,14.5333,20.9167,96.08,22,37,13.8,scattered clouds
571,Hailun,CN,2022-05-29 17:07:50,47.45,126.9333,51.17,86,100,20.29,moderate rain
572,Rochefort,FR,2022-05-29 17:07:51,45.9167,-1.0,69.85,33,2,15.32,clear sky
573,Kotelnich,RU,2022-05-29 17:07:51,58.3089,48.348,49.75,86,47,7.11,scattered clouds
574,Laya,PH,2022-05-29 17:07:51,17.4726,121.4678,77.74,88,100,2.8,overcast clouds
575,Pacific Grove,US,2022-05-29 17:07:52,36.6177,-121.9166,64.08,77,0,13.0,clear sky
576,Luba,GQ,2022-05-29 17:07:52,3.4568,8.5547,79.74,84,47,10.89,light rain
577,Corinto,GR,2022-05-29 17:07:52,37.9407,22.9573,79.9,71,56,7.43,broken clouds
578,Buraydah,SA,2022-05-29 17:07:53,26.326,43.975,95.45,9,3,13.09,clear sky
579,Malatya,TR,2022-05-29 17:07:53,38.5,38.0,68.05,53,20,2.3,few clouds
580,Marsh Harbour,BS,2022-05-29 17:05:31,26.5412,-77.0636,81.43,73,5,12.24,clear sky
581,Puerto Quijarro,BO,2022-05-29 17:07:53,-17.7833,-57.7667,95.05,32,18,9.86,few clouds
582,San Rafael,AR,2022-05-29 17:07:04,-34.6177,-68.3301,51.1,35,25,9.15,scattered clouds
583,Limon,CR,2022-05-29 17:07:54,10.0,-83.0333,84.09,79,0,4.61,clear sky
584,Phan Thiet,VN,2022-05-29 17:07:54,10.9333,108.1,79.5,84,100,6.87,overcast clouds
585,Burnie,AU,2022-05-29 17:07:55,-41.0667,145.9167,40.91,72,29,4.92,scattered clouds
586,Cayhagan,PH,2022-05-29 17:07:55,9.6697,122.4256,80.76,78,97,4.32,overcast clouds
587,Liberia,LR,2022-05-29 17:07:55,6.5,-9.5,80.44,88,85,3.74,light rain
588,Bantou,CN,2022-05-29 17:07:56,26.2151,117.4893,75.04,96,93,2.01,overcast clouds
589,Shaoguan,CN,2022-05-29 17:07:56,24.8,113.5833,76.17,91,80,2.91,broken clouds
590,Santo Antonio Do Ica,BR,2022-05-29 17:07:56,-3.1022,-67.9397,85.98,66,87,0.98,overcast clouds
591,Blagoyevo,RU,2022-05-29 17:07:56,63.3667,47.9167,53.15,91,100,5.73,overcast clouds
592,Vestmannaeyjar,IS,2022-05-29 17:03:11,63.4427,-20.2734,49.19,93,100,14.97,mist
593,Ledyard,US,2022-05-29 17:05:15,41.4398,-72.0142,77.85,60,40,9.22,scattered clouds
594,Namatanai,PG,2022-05-29 17:07:57,-3.6667,152.4333,78.06,86,98,5.99,light rain
595,Halmstad,SE,2022-05-29 17:07:57,56.6745,12.8568,63.3,52,0,8.05,clear sky
596,North Bend,US,2022-05-29 17:07:58,43.4065,-124.2243,52.07,91,100,12.66,overcast clouds
597,Khed Brahma,IN,2022-05-29 17:07:58,24.0333,73.05,89.4,51,0,12.08,clear sky
598,Kasane,BW,2022-05-29 17:07:58,-17.8167,25.15,63.36,34,0,3.02,clear sky
599,Clarence Town,AU,2022-05-29 17:07:58,-32.5833,151.7833,52.95,67,20,8.61,few clouds
600,Calvinia,ZA,2022-05-29 17:07:59,-31.4707,19.776,43.61,68,60,4.65,broken clouds
601,Umm Kaddadah,SD,2022-05-29 17:07:59,13.6017,26.6876,89.87,9,4,6.24,clear sky
602,Husavik,IS,2022-05-29 17:07:59,66.0449,-17.3389,50.45,42,28,6.02,scattered clouds
603,Nioro,GM,2022-05-29 17:08:00,13.35,-15.75,99.36,30,50,5.79,scattered clouds
604,Janauba,BR,2022-05-29 17:08:00,-15.8025,-43.3089,89.64,25,1,3.78,clear sky
605,Topeka,US,2022-05-29 17:05:37,39.0483,-95.678,84.58,59,0,24.16,clear sky
606,Druskininkai,LT,2022-05-29 17:08:00,54.0167,23.9667,55.51,78,69,5.86,broken clouds
607,Bundaberg,AU,2022-05-29 17:08:00,-24.85,152.35,60.22,90,72,2.51,broken clouds
608,Kununurra,AU,2022-05-29 17:08:01,-15.7667,128.7333,62.58,82,40,0.0,scattered clouds
609,Coahuayana,MX,2022-05-29 17:08:01,18.7333,-103.6833,89.4,44,47,6.67,scattered clouds
610,Biak,ID,2022-05-29 17:08:01,-0.9131,122.8766,76.51,82,100,0.25,overcast clouds
611,Fonte Boa,BR,2022-05-29 17:08:02,-2.4959,-66.2662,83.93,68,91,1.03,overcast clouds
612,Manadhoo,MV,2022-05-29 17:08:02,5.7667,73.3833,83.01,73,98,15.28,overcast clouds
613,Roma,US,2022-05-29 17:06:34,43.2128,-75.4557,75.69,49,0,4.61,clear sky
614,Nouakchott,MR,2022-05-29 17:08:02,18.0858,-15.9785,80.53,58,19,17.72,few clouds
615,Los Llanos De Aridane,ES,2022-05-29 17:08:03,28.6585,-17.9182,69.55,73,20,7.0,few clouds
616,Nikolayevka,RU,2022-05-29 17:08:03,53.1257,47.2041,52.79,94,100,6.98,light rain
617,Andijon,UZ,2022-05-29 17:08:03,40.7821,72.3442,67.28,32,64,5.23,broken clouds
618,Bonthe,SL,2022-05-29 17:08:04,7.5264,-12.505,84.49,70,80,9.73,light rain
619,Baruun-Urt,MN,2022-05-29 17:08:04,46.6806,113.2792,41.74,48,27,10.58,scattered clouds
620,Beaune,FR,2022-05-29 17:08:04,47.0833,4.75,60.44,46,63,9.93,broken clouds
621,Aljezur,PT,2022-05-29 17:08:05,37.3191,-8.8033,67.06,71,76,10.6,broken clouds
622,Loikaw,MM,2022-05-29 17:08:05,19.6742,97.2094,69.91,87,21,3.13,few clouds
623,Tabuk,PH,2022-05-29 17:08:05,17.4189,121.4443,77.09,89,100,2.8,overcast clouds
624,El Carmen,CO,2022-05-29 17:08:05,8.5106,-73.4478,83.37,55,63,2.59,broken clouds
625,Okmulgee,US,2022-05-29 17:08:06,35.6234,-95.9605,86.85,48,0,21.85,clear sky
626,Salto,UY,2022-05-29 17:03:20,-31.3833,-57.9667,59.16,72,75,11.99,broken clouds
627,Stranda,NO,2022-05-29 17:08:06,62.3096,6.9358,47.61,89,100,1.61,overcast clouds
628,Itarema,BR,2022-05-29 17:06:13,-2.9248,-39.9167,83.5,70,30,10.85,scattered clouds
629,Arenapolis,BR,2022-05-29 17:08:07,-14.4503,-56.8461,94.28,32,4,7.2,clear sky
630,Mikropolis,GR,2022-05-29 17:08:07,41.1935,23.8157,72.1,72,55,5.79,broken clouds
631,Boyolangu,ID,2022-05-29 17:08:07,-8.1181,111.8935,75.78,90,78,4.43,broken clouds
632,Ishigaki,JP,2022-05-29 17:08:08,24.3448,124.1572,81.54,91,97,17.11,overcast clouds
633,Lillooet,CA,2022-05-29 17:08:08,50.6856,-121.942,50.7,95,100,1.88,overcast clouds
634,Saryagash,KZ,2022-05-29 17:08:08,41.4511,69.1701,67.96,52,1,12.17,clear sky
635,Harihar,IN,2022-05-29 17:08:09,14.5167,75.8,76.87,74,52,13.35,broken clouds
636,San Isidro,PE,2022-05-29 17:08:09,-12.1167,-77.05,65.79,68,0,8.05,clear sky
637,Villa Union,MX,2022-05-29 17:08:09,23.2,-106.2333,85.01,65,20,6.91,few clouds
638,Suarez,CO,2022-05-29 17:08:09,2.954,-76.6964,80.56,63,83,0.56,broken clouds
639,Hualmay,PE,2022-05-29 17:08:10,-11.0964,-77.6139,67.75,69,38,11.27,scattered clouds
640,Howell,US,2022-05-29 17:08:10,42.6073,-83.9294,78.87,63,29,13.24,scattered clouds
641,Nuwara Eliya,LK,2022-05-29 17:08:10,6.9708,80.7829,55.85,90,100,5.68,overcast clouds
642,Segou,ML,2022-05-29 17:08:11,13.4317,-6.2157,105.85,15,78,5.21,broken clouds
643,Khor,RU,2022-05-29 17:08:11,47.8861,134.9464,59.16,60,100,11.5,overcast clouds
644,Maniwaki,CA,2022-05-29 17:08:11,46.3834,-75.966,74.26,41,89,7.11,overcast clouds
645,Rudbar,AF,2022-05-29 17:08:12,30.15,62.6,81.01,11,0,13.85,clear sky
646,Talaya,RU,2022-05-29 17:08:12,61.3833,152.75,36.36,80,88,4.83,overcast clouds
647,Lakes Entrance,AU,2022-05-29 17:08:12,-37.8811,147.981,40.15,80,59,7.0,broken clouds
648,Aberystwyth,GB,2022-05-29 17:08:13,52.4155,-4.0829,59.88,68,55,5.35,broken clouds
649,Bandar-E Lengeh,IR,2022-05-29 17:08:13,26.5579,54.8807,87.12,48,0,21.41,clear sky
650,Yaqui,MX,2022-05-29 17:08:13,27.3667,-110.1667,86.56,19,2,9.26,clear sky
651,Mount Gambier,AU,2022-05-29 17:08:14,-37.8333,140.7667,49.28,67,87,9.31,overcast clouds
652,Bonavista,CA,2022-05-29 17:08:14,48.6499,-53.1147,53.02,90,95,13.76,overcast clouds
653,Basco,PH,2022-05-29 17:08:14,20.4487,121.9702,84.4,77,100,8.16,light rain
654,Shar,KZ,2022-05-29 17:08:15,49.5886,81.0453,60.66,57,100,5.3,overcast clouds
655,Deer Lake,CA,2022-05-29 17:08:15,49.1667,-57.4316,54.14,67,94,14.99,overcast clouds
656,Mundo Nuevo,MX,2022-05-29 17:08:15,18.7,-95.5,84.6,64,76,2.19,broken clouds
657,Kargasok,RU,2022-05-29 17:08:16,59.0556,80.8572,56.53,75,67,5.75,broken clouds
658,Awbari,LY,2022-05-29 17:08:16,26.5921,12.7805,96.89,10,19,9.01,few clouds
659,Rafaela,AR,2022-05-29 17:08:16,-31.2503,-61.4867,64.0,24,75,8.01,broken clouds
660,Ratnagiri,IN,2022-05-29 17:08:16,16.9833,73.3,82.94,77,2,7.36,clear sky
661,Chanute,US,2022-05-29 17:08:17,37.6792,-95.4572,84.31,51,0,21.85,clear sky
662,Turukhansk,RU,2022-05-29 17:08:17,65.8167,87.9833,46.51,63,19,5.57,few clouds
663,Paita,PE,2022-05-29 17:08:18,-5.0892,-81.1144,70.47,71,11,11.88,few clouds
664,Vozhega,RU,2022-05-29 17:08:18,60.4725,40.2213,48.79,97,100,8.3,light rain
665,Myaundzha,RU,2022-05-29 17:08:18,63.0494,147.1858,37.2,89,100,4.83,overcast clouds
666,Aswan,EG,2022-05-29 17:08:19,24.0934,32.907,95.49,10,0,4.79,clear sky
667,Warsaw,PL,2022-05-29 17:06:23,52.2298,21.0118,63.82,58,20,4.61,few clouds
668,Gigmoto,PH,2022-05-29 17:08:19,13.7796,124.39,80.73,83,23,5.64,few clouds
669,Buala,SB,2022-05-29 17:08:19,-8.145,159.5921,79.45,80,73,2.82,broken clouds
670,Kielce,PL,2022-05-29 17:08:20,50.8703,20.6275,61.81,1,99,2.91,overcast clouds
671,Ilawe,NG,2022-05-29 17:08:20,7.8667,4.4333,82.33,68,64,7.99,broken clouds
672,Nandu,CN,2022-05-29 17:05:14,22.8525,110.8233,76.86,94,83,3.27,broken clouds
673,San Antonio,US,2022-05-29 17:05:11,29.4241,-98.4936,92.43,55,20,16.11,few clouds
674,Myski,RU,2022-05-29 17:08:20,53.709,87.8014,52.99,96,89,8.5,overcast clouds
675,Lota,CL,2022-05-29 17:08:21,-37.0833,-73.1667,49.46,53,42,1.83,scattered clouds
676,Watrous,CA,2022-05-29 17:08:21,51.6668,-105.4679,52.23,92,100,12.06,overcast clouds
677,Saumur,FR,2022-05-29 17:08:21,47.3333,-0.25,64.89,43,32,13.33,scattered clouds
678,Curup,ID,2022-05-29 17:08:22,-3.4667,102.5333,67.8,99,82,1.59,broken clouds
679,Bethanien,NA,2022-05-29 17:08:22,-26.502,17.1583,53.6,48,0,10.42,clear sky
680,Rio Gallegos,AR,2022-05-29 17:08:22,-51.6226,-69.2181,46.45,53,20,24.16,few clouds
681,Manturovo,RU,2022-05-29 17:08:23,58.3353,44.7619,50.5,77,30,7.36,scattered clouds
682,Nurota,UZ,2022-05-29 17:08:23,40.5614,65.6886,68.99,31,0,17.69,clear sky
683,Port Blair,IN,2022-05-29 17:08:23,11.6667,92.75,82.02,84,100,16.06,overcast clouds
684,Sao Jose Da Coroa Grande,BR,2022-05-29 17:08:23,-8.8978,-35.1478,80.01,82,71,9.01,broken clouds
685,Mayahi,NE,2022-05-29 17:08:24,13.9553,7.6712,105.08,10,17,9.22,few clouds
686,Palmas,BR,2022-05-29 17:08:24,-10.2128,-48.3603,91.27,33,0,5.75,clear sky
687,Plouzane,FR,2022-05-29 17:08:24,48.3833,-4.6167,66.25,42,0,13.8,clear sky
688,Axim,GH,2022-05-29 17:08:25,4.8699,-2.2405,81.99,74,71,8.7,broken clouds
689,Cap Malheureux,MU,2022-05-29 17:08:25,-19.9842,57.6142,71.47,62,0,4.0,clear sky
690,Belmonte,BR,2022-05-29 17:08:25,-15.8631,-38.8828,78.96,80,39,7.09,scattered clouds
691,Saint-Joseph,RE,2022-05-29 17:08:26,-21.3667,55.6167,70.18,65,64,15.23,broken clouds
692,Yulara,AU,2022-05-29 17:08:26,-25.2406,130.9889,55.49,33,99,20.36,overcast clouds
693,Malanje,AO,2022-05-29 17:08:26,-9.5402,16.341,70.9,45,1,2.91,clear sky
694,Manaure,CO,2022-05-29 17:08:27,11.7751,-72.4445,89.1,51,60,22.46,broken clouds
695,Curaca,BR,2022-05-29 17:08:27,-8.9903,-39.9094,84.54,51,93,13.09,overcast clouds
696,Katherine,AU,2022-05-29 17:08:27,-14.4667,132.2667,68.32,60,75,5.75,broken clouds
697,Tazovskiy,RU,2022-05-29 17:08:27,67.4667,78.7,34.99,78,3,15.99,clear sky
698,Iranshahr,IR,2022-05-29 17:07:18,27.2025,60.6848,94.55,22,35,11.39,scattered clouds
